name,album,artist,mood
1999,1999,Prince,Happy
23,23,Blonde Redhead,Sad
9 Crimes,9,Damien Rice,Sad
99 Luftballons,99 Luftballons,Nena,Happy
A Boy Brushed Red Living In Black And White,They're Only Chasing Safety,Underoath,Energetic
A Burden to Bear,A Burden to Bear,Emmanuelle Rimbaud,Calm
A La Plage,A La Plage,Ron Adelaar,Calm
A Little Less Conversation - JXL Radio Edit Remix,Elvis 75 - Good Rockin' Tonight,Elvis Presley,Happy
A Place for My Head,Hybrid Theory (Bonus Edition),Linkin Park,Energetic
ATTACK,A Beautiful Lie + 30 Seconds To Mars,Thirty Seconds To Mars,Energetic
Adagio For Strings,Adagio For Strings,Lucas & Steve,Energetic
Adjustments,Adjustments,Josie Mehlin,Calm
Adrift,Adrift,Cooper Sams,Calm
Afraid of Heights,Afraid of Heights,Billy Talent,Energetic
Africa,Toto IV,TOTO,Happy
After The Rain,After The Rain,Comet Blue,Calm
Afterlife,Avenged Sevenfold,Avenged Sevenfold,Energetic
Algo Rhythm,Temporär Musik 1-13,One Sentence. Supervisor,Sad
Alison,Souvlaki,Slowdive,Sad
Alive,Alive,Paris Blohm,Energetic
All I Want,The Kodaline EP,Kodaline,Sad
All Mirrors,All Mirrors,Angel Olsen,Sad
All These Things I Hate (Revolve Around Me),The Poison,Bullet For My Valentine,Energetic
All in the Suit That You Wear,Thank You,Stone Temple Pilots,Energetic
All of Me,Love In The Future (Expanded Edition),John Legend,Sad
All or Nothing (feat. Axel Ehnström) - Deluxe Mix,Less is More (Deluxe),Lost Frequencies,Happy
Always,Back Into Your System,Saliva,Energetic
Ambre,Wintermusik,Nils Frahm,Calm
Anaviosi,Anaviosi,Alexi Musnitsky,Calm
Anchor,Anchor,Novo Amor,Sad
Andromeda,Andromeda,Weyes Blood,Sad
Angel's Song,Angel's Song,Arlo Parks,Sad
Angry Chair,The Essential Alice In Chains,Alice In Chains,Energetic
Anthem,Anthem,EDX,Happy
Anthem of Our Dying Day,Page Avenue (US Non-PA Version),Story Of The Year,Energetic
Are You Gonna Be My Girl,Get Born,Jet,Happy
As I Sleep (feat. Charlee),As I Sleep (feat. Charlee),Tobtok,Energetic
Ashes to Ashes,Ashes to Ashes,Warpaint,Sad
Atlavík,Varða,Hugar,Calm
Auburn Sky,Auburn Sky,Toledo Rains,Calm
Awaken,Awaken,William Duhamel,Calm
Away From Me,Life On Display,Puddle Of Mudd,Energetic
Back Where I Belong (feat. Avicii),Back Where I Belong (feat. Avicii),Otto Knows,Energetic
Back+,Back+,Ton Snijders,Calm
Bad Feeling,Bad Feeling,Muzz,Sad
Bad Kingdom,Gold,May,Sad
Bad Timing,Bad Timing,Arlo Day,Sad
Ballad of the Dying Man,Ballad of the Dying Man,Father John Misty,Sad
Balloon,Balloon,YuMe,Calm
Bat Country,City of Evil,Avenged Sevenfold,Energetic
Bayybe 07,Bayybe,Bilo 503,Calm
Be My Mistake,A Brief Inquiry Into Online Relationships,The 1975,Sad
Beautiful Life,Beautiful Life,Lost Frequencies,Happy
Beautiful Night,Burden Brothers EP,Burden Brothers,Energetic
Beekweide,Beekweide,Job Roggeveen,Calm
Before You Go,Divinely Uninspired To A Hellish Extent (Extended Edition),Lewis Capaldi,Sad
Bennie And The Jets - Remastered 2014,Goodbye Yellow Brick Road (40th Anniversary Celebration/ Super Deluxe Edition),Elton John,Happy
Better Than Today,Better Than Today,Rhys Lewis,Sad
Better Together,In Between Dreams,Jack Johnson,Happy
Betty,Betty,Wilson Trouvé,Calm
Billinghurst,Damon EP,Jeremy Olander,Energetic
Bird,Writing of Blues and Yellows (Deluxe Version),Billie Marten,Sad
Bison on the Plains,Bison on the Plains,Grandaddy,Sad
Black Car,Black Car,Beach House,Sad
Blackout,Blackout,(Hed) P.E.,Energetic
Blame,Blame,Manse,Energetic
Blaster,Blaster,Marc Benjamin,Energetic
Bleed American,Bleed American,Jimmy Eat World,Energetic
Bloodbuzz Ohio,Bloodbuzz Ohio,SOAK,Sad
Bloom,Bloom,Hilder Sky,Calm
Bloom Innocent,Bloom Innocent,Fink,Sad
Blow,Blow,Yves V,Happy
Body Rock,Body Rock,Bingo Players,Happy
Boiler,Chocolate Starfish And The Hot Dog Flavored Water (Explicit Version),Limp Bizkit,Energetic
Bortom Träden,I Blomstertid,Erik Reno,Calm
Bottom Of The Sea,Bottom Of The Sea,Isaac Elton,Happy
Bottom of a Bottle,Shapeshifter,Smile Empty Soul,Energetic
Bouquet with Lilies,Bouquet with Lilies,La Acacia,Calm
Break Stuff,Significant Other (Explicit),Limp Bizkit,Energetic
Breathe,Breathe,Hans Voller,Calm
Breathe Me,Colour The Small One,Sia,Sad
Brimful of Asha - Norman Cook Remix,Why Try Harder - Greatest Hits,Fatboy Slim,Happy
Bruises,Divinely Uninspired To A Hellish Extent,Lewis Capaldi,Sad
Butterfly,The Gift Of Game,Crazy Town,Happy
Bye Bye Little House,Bye Bye Little House,Ella van der Woude,Calm
California Dreamin',If You Can Believe Your Eyes And Ears,The Mamas & The Papas,Happy
Calm Wilderness,Calm Wilderness,Night Sounds,Calm
Car Underwater,What To Do When You Are Dead,Armor For Sleep,Energetic
Chariot,B-Sides and Rarities,Beach House,Sad
Children Of Today,Children Of Today,Blasterjaxx,Energetic
Chocolate,The 1975,The 1975,Happy
Chop Suey!,Toxicity,System Of A Down,Energetic
City Lights,City Lights,Marlies du Mosch,Calm
Clap Your Hands,Clap Your Hands,Sia,Happy
Cleansing,Cleansing,Jacco Wynia,Calm
Clear Skies,Clear Skies,Dhyana Thomas,Calm
Click Click Boom,Every Six Seconds,Saliva,Energetic
Coda,Endeavour,Jakob Ahlbom,Calm
Cold Arms,Wilder Mind,Mumford & Sons,Sad
Cold Nights,Cold Nights,Camo Columbo,Sad
Cold as Stone (feat. Charlotte Lawrence) - Lipless Remix,Cold as Stone (Remixes) (feat. Charlotte Lawrence),Kaskade,Energetic
Colgando,Siesta,Barulinho,Calm
Collapse Into Light,Collapse Into Light,Evin Iris,Calm
Come On Eileen,Too Rye Ay (Deluxe Edition),Dexys Midnight Runners,Happy
Come Out And Play (Keep ‘Em Separated),Greatest Hits,The Offspring,Energetic
Coming Home,Coming Home,Zoe Connelly,Calm
Coming Undone,Coming Undone,Korn,Energetic
Consequences,Camila,Camila Cabello,Sad
Conversation,Conversation,Lucy Rose,Sad
Count On You - ATFC's C-thru Remix,Count On You (ATFC's C-thru Remix),Autoerotique,Happy
Count That - R3HAB Edit,Count That (R3HAB Edit),Steff da Campo,Energetic
Courage,Courage,Ian Wong,Calm
Crash,Crash,Chris Malinchak,Happy
Crawling In The Dark,Hoobastank,Hoobastank,Energetic
Crazy,St. Elsewhere,Gnarls Barkley,Happy
Crazy Horses,Crazy Horses,The Osmonds,Happy
Creep,The Best Of,Radiohead,Sad
Crossing,Crossing,The Tides,Calm
Crystal Baller - 2006 Remaster,A Collection,Third Eye Blind,Energetic
Crystal Shores,Crystal Shores,Dean Valio,Calm
Curiosity,Curiosity,Beau Projet,Calm
Curious Morning,Curious Morning,Michael Orvind,Calm
Cursive,As Long As - EP,Billie Marten,Sad
Daar Gaat Ze,Clouseau30,Clouseau,Happy
Dance Little Sister,Introducing The Hardline According To Terence Trent D'Arby,Terence Trent D'Arby,Happy
Dancing On My Own,Dancing On My Own,Calum Scott,Sad
Dancing Through Sunday,Sing The Sorrow,AFI,Energetic
Dancing With Your Ghost,Dancing With Your Ghost,Sasha Sloan,Sad
Dancing With an Astronaut,Dancing With an Astronaut,Ellie Rose,Sad
Dani California,Stadium Arcadium,Red Hot Chili Peppers,Energetic
Dark Side of the Gym,Sleep Well Beast,The National,Sad
Darkest Hour,Darkest Hour,Low Roar,Sad
Dawning,Dawning,Light of Sun,Calm
Day 5: For Carol,5 Day Mischon,Tom Misch,Calm
De Fléche,De Fléche,Les Manger Tous,Calm
Dear Diary,Dear Diary,Anthony Ramos,Sad
Deep Dark Jungle,Deep Dark Jungle,Nicky Romero,Happy
Den inre skogen,Den inre skogen,Thomas Jackson,Calm
Desire Lines,Split,Lush,Sad
Devotion And Desire,Bayside,Bayside,Energetic
Dew Drops,Vortex,Pieter de Graaf,Calm
Dive,The Soft Cavalry,The Soft Cavalry,Sad
Do Bad Well (feat. Nevve),Do Bad Well (feat. Nevve),KSHMR,Energetic
Do It Again,Do It Again,Steve Aoki,Energetic
Dolerme,Dolerme,ROSALÍA,Sad
Don't Stop,Rumours,Fleetwood Mac,Happy
Don't Stop Me Now - 2011 Mix,Jazz (Deluxe Remastered Version),Queen,Happy
Don't You (Forget About Me) - Remastered,Celebrate (Greatest Hits),Simple Minds,Happy
Don’t Delete The Kisses,Visions Of A Life,Wolf Alice,Sad
Down On The Corner,Willy And The Poor Boys (40th Anniversary Edition),Creedence Clearwater Revival,Happy
Dragula,Hellbilly Deluxe,Rob Zombie,Energetic
Dreams Tonite,Antisocialites,Alvvays,Sad
Drifting,Drifting,Eroded Sky,Calm
Driver's Seat,Fickle Heart (Plus Two Bonus Cuts),Sniff 'n' The Tears,Happy
Duality,Vol. 3: The Subliminal Verses,Slipknot,Energetic
Duck And Run,The Better Life,3 Doors Down,Energetic
Dust On The Ground,Flaws,Bombay Bicycle Club,Sad
EDM Sux,EDM Sux,FTampa,Energetic
Eagle,Eagle,Ansatz Der Maschine,Calm
Easily,A Song For Every Moon,Bruno Major,Sad
Easy Lover,Chinese Wall,Philip Bailey,Happy
Eden - Hunted Version,Hunted,Anna Calvi,Sad
Edge of Seventeen,Crystal Visions...The Very Best of Stevie Nicks,Stevie Nicks,Happy
Eidolon,Eidolon,Monocle Twins,Calm
Electronic Memories (feat. Mickey Kojak),Find Paradise,k?d,Energetic
Emotions in Motion,Emotions in Motion,Jaakko Eino Kalevi,Sad
Empty Street at Night,Empty Street at Night,Golden Sleep,Calm
Enemy,Seasons - Clean,Sevendust,Energetic
Escaping Time,Floating,Benjamin Martins,Calm
Essential Attitudes,Honey,Peals,Calm
Event Horizon,Event Horizon,Airwaves,Calm
Every Kinda People,Double Fun,Robert Palmer,Happy
Every Way,Every Way,Antonio Giacca,Energetic
Everybody Hurts,Part Lies Part Heart Part Truth Part Garbage 1982-2011,R.E.M.,Sad
Everyday People,R&B: From Doo-Wop To Hip-Hop,Various Artists,Happy
Expedition,Expedition,Skytech,Happy
Faces,Scary Kids Scaring Kids,Scary Kids Scaring Kids,Energetic
Falling,Fine Line,Harry Styles,Sad
Falling Ashes,Slowdive,Slowdive,Sad
Falling Asleep,Falling Asleep,Tiz McNamara,Sad
Falling Away from Me,Issues,Korn,Energetic
Fantasy - R3HAB Remix,Fantasy (R3HAB Remix),Sofie Tukker,Energetic
Fascination,This Is Alphabeat,Alphabeat,Happy
Feeling This,blink-182,blink-182,Energetic
Feels Like Flying,Feels Like Flying,Elementaries,Calm
Feels Like We're Dying,Far Away,Johnny Goth,Sad
Fields After Rain,Fields After Rain,Martèn LeGrand,Calm
Fields Of Blossom,Fields Of Blossom,Martèn LeGrand,Calm
Fire in Cairo,A Sentimental Education,Luna,Sad
Fix You,Fix You,Valentin,Sad
Fleur février,Fleur février,Jacco Wynia,Calm
Flex,Flex,Fedde Le Grand,Energetic
Floating Sunbeams,Floating Sunbeams,Michael Orvind,Calm
Flowing,Flowing,Lucas Delphy,Calm
Fly - King Britt's Fhloston Paradigm Remix,Fly (King Britt's Fhloston Paradigm Remix),Low,Sad
Flying by Candlelight (ABGT300) - Above & Beyond Club Mix,Group Therapy 300 Live from Hong Kong (ABGT300),Above & Beyond,Energetic
Focus,Focus,Light of Sun,Calm
Follow me,Follow me,Andre Ehmann,Calm
Found,Found,Martin Gauffin,Calm
Free,TOGETHER,Third Party,Happy
Freya,Cantec De Leagane / Freya,Dave Pad,Happy
Friday I'm In Love,Wish,The Cure,Happy
From Yesterday,A Beautiful Lie + 30 Seconds To Mars,Thirty Seconds To Mars,Energetic
Frozen,Frozen,Ron Adelaar,Calm
Fête sous les étoiles,Suite,Biba Dupont,Calm
Game Time (feat. Ninja),Game Time (feat. Ninja),3LAU,Happy
Gasoline,Disclaimer II,Seether,Energetic
Geno - 2000 Remaster,Searching For The Young Soul Rebels,Dexys Midnight Runners,Happy
Get Lucky (feat. Pharrell Williams & Nile Rodgers) - Radio Edit,Get Lucky (feat. Pharrell Williams & Nile Rodgers) [Radio Edit],Daft Punk,Happy
Get Up Offa That Thing,20 All-Time Greatest Hits!,James Brown,Happy
Getting Away With Murder,Getting Away With Murder (Explicit Version),Papa Roach,Energetic
Ghostride,Ghostride,Crumb,Sad
Glaciers,Bloom,Lights & Motion,Calm
Go With The Flow,Songs For The Deaf,Queens of the Stone Age,Energetic
Gone My Way - KhoMha Remix,Gone My Way (KhoMha Remix),Morgan Page,Energetic
Good Times,Risqué,CHIC,Happy
Good Vibrations - Remastered,Good Vibrations 40th Anniversary,The Beach Boys,Happy
Goodbye,The Devil's Walk,Apparat,Sad
Goshen,East Harlem,Beirut,Sad
"Gottes Zeit ist die allerbeste Zeit, BWV 106: 2a. Gottes Zeit, ist die allerbeste Zeit (Arr. For Piano Four Hands by György Kurtág)",Bach,Johann Sebastian Bach,Calm
Goya,Goya,Minxz,Calm
Gracewood (Revisited),In Between (A-Side),Steven Vrancken,Calm
Green Street,Green Street,Alexander Motovilov,Calm
Groove Is in the Heart,Rhino Hi-Five: Deee-Lite,Deee-Lite,Happy
Groovin,Groovin,Sir Roy,Energetic
Guernica,Deja Entendu,Brand New,Energetic
Halfway There (feat. Lena Leon),Halfway There (feat. Lena Leon),Tiësto,Energetic
Handful Of Redemption,Tomorrow Come Today,Boysetsfire,Energetic
Happy Ending,Body And Soul,Joe Jackson,Happy
Happy Together,Happy Together,The Turtles,Happy
Harvest Love,Harvest Love,Tash Sultana,Sad
Hash Pipe,Weezer (Green Album),Weezer,Energetic
Heaven - David Guetta & MORTEN Remix,Heaven (David Guetta & MORTEN Remix),Avicii,Happy
Heavenly,Heavenly,Cigarettes After Sex,Sad
Heavy,Home,Collective Soul,Energetic
Here Comes The Sun - Remastered 2009,Abbey Road (Remastered),The Beatles,Happy
Highway to Hell,Highway to Hell,AC/DC,Happy
Holding On,Scary Kids Scaring Kids,Scary Kids Scaring Kids,Energetic
Hollowman,Trapt,Trapt,Energetic
Holy Water,Holy Water,Galantis,Energetic
Home,Home,Lucas & Steve,Energetic
"Honey, This Mirror Isn't Big Enough for the Two of Us","I Brought You My Bullets, You Brought Me Your Love",My Chemical Romance,Energetic
Hoovela,Hoovela,Steve Aoki,Happy
How Bizarre,How Bizarre,OMC,Happy
How To Fight,How To Fight,Eartheater,Sad
Human Connection,Human Connection,Cult Solo,Happy
Humans (Let Me Love You),Humans (Let Me Love You),Sick Individuals,Happy
Hunter,Hunter,Anna Calvi,Sad
Hypnagogia Well,Hypnagogia Well,Monocle Twins,Calm
I Can't Help (with Sarcastic Sounds),I Can't Help (with Sarcastic Sounds),Shoffy,Sad
I Don't Know (feat. Samuel T. Herring),I Don't Know (feat. Samuel T. Herring),BADBADNOTGOOD,Sad
I Don't Trust That Bird of Prey,Requiescence,Random Forest,Calm
I Stand Alone,"Good Times, Bad Times - Ten Years of Godsmack",Godsmack,Energetic
I Took A Pill In Ibiza,"At Night, Alone.",Mike Posner,Sad
I Was Made For Lovin' You,Dynasty (Remastered Version),KISS,Happy
I Would Die 4 U,Purple Rain,Prince,Happy
I dine øjne,I dine øjne,Efterklang,Sad
I'm Not Okay (I Promise),Three Cheers for Sweet Revenge,My Chemical Romance,Energetic
I'm Your Man,And Nothing Hurt,Spiritualized,Sad
I've Been Fine,LoveLaws,TT,Sad
ID8,ID8,Dimitri Vangelis & Wyman,Happy
If You Believe,Unification,Yonder Dale,Calm
If You Think It's Love,Cheap Queen,King Princess,Sad
Images,Images,DeLange,Calm
In This Moment,In This Moment,Lucas Delphy,Calm
Indigo,Indigo,LEFT.,Sad
Infinite Sustain,Infinite Sustain,Amaranth Cove,Calm
Ingénue,Ingénue,Eline Moss,Calm
Inside Of You,Every Man For Himself (Red Package),Hoobastank,Energetic
Inside the Fire,Disturbed,Disturbed,Energetic
Inside*,Inside*,Ton Snijders,Calm
Intermezzo No. 1 in E Minor,Intermezzo No. 1 in E Minor,Manuel Ponce,Calm
Into Black,Blouse,Blouse,Sad
Isonoe,GLIESE,Job Roggeveen,Calm
It Takes Me Back,Hopeless Romantics,Emmrose,Sad
It's Goin' Down (feat. Mike Shinoda & Mr. Hahn),Built From Scratch,X-Ecutioners,Energetic
It's My Fault,It's My Fault,Lolo Zouaï,Sad
Jealous,Jealous,Labrinth,Sad
"John Wayne Gacy, Jr.",Illinois,Sufjan Stevens,Sad
Juliens Journey,Juliens Journey,Reinhard Vanbergen,Calm
Jupiter 4,Jupiter 4,Sharon Van Etten,Sad
Just Can't Get Enough - Live in Hammersmith,Love In Itself.2 and Live Tracks,Depeche Mode,Happy
Just Look at You,432 Water Crystals,369,Calm
Just the Two of Us (feat. Bill Withers),Anthology,"Grover Washington, Jr.",Happy
K.,K.,Rosie Carney,Sad
Kangaroo (Remastered),It'll End In Tears (Remastered),This Mortal Coil,Sad
Kaolnite,Kaolnite,Burgundy Skies,Calm
Keep Going,Keep Going,Mark Milan,Calm
Kids In The Dark,Kids In The Dark,Bat For Lashes,Sad
Killing In The Name,Rage Against The Machine - XX (20th Anniversary Special Edition),Rage Against The Machine,Energetic
Kinky Living,Clockdust,Rustin Man,Sad
Kinky Love,Flesh Balloon,Pale Saints,Sad
Kiss,Parade - Music from the Motion Picture Under the Cherry Moon,Prince,Happy
Kiss On My List - Remastered,Hall & Oates,Daryl Hall & John Oates,Happy
Kiss You All Over - Single Edit,Kiss You All Over,Isaac Elton,Energetic
Kite,Kite,YuMe,Calm
Klangfall - Piano Version,Klangfall (Piano Version),Joep Beving,Calm
La Luz,Chapter I,City of the Sun,Calm
Last Time,Last Time,Johnning,Sad
Late in the Evening,One-Trick Pony,Paul Simon,Happy
Laugavegur,Laugavegur,Dreyma,Calm
Lay Your Head On Me (feat. Marcus Mumford),Lay Your Head On Me (feat. Marcus Mumford),Major Lazer,Happy
Let It Go,Chaos And The Calm,James Bay,Sad
Let It Out,Xy Chelsea (Original Soundtrack),Jehnny Beth,Sad
Let's Go Crazy,Purple Rain,Prince,Happy
Lift Me Up (feat. Carla Monroe),Lift Me Up (feat. Carla Monroe),Oliver Heldens,Energetic
Light Year,Light Year,Evan Michael Brown,Calm
Light Years,Light Years,The National,Sad
Lights Go Down,Lights Go Down,Mike Candys,Energetic
Like The First Time - House Mix,Like The First Time,Isaac Elton,Energetic
Like The Way I Do,Greatest Hits - The Road Less Traveled,Melissa Etheridge,Happy
Like We Do,Like We Do,Fedde Le Grand,Energetic
Limitless,Limitless,Lucas Delphy,Calm
Linger,Linger,No Vacation,Sad
Listen to the Music,Toulouse Street,The Doobie Brothers,Happy
Listening,In Love and Death,The Used,Energetic
Litost,Litost,Minxz,Calm
Little Lion Man,Sigh No More (Benelux Edition),Mumford & Sons,Happy
Little Talks,My Head Is An Animal,Of Monsters and Men,Happy
Little Things,Sixteen Stone,Bush,Energetic
Living,Reflection of Youth,EERA,Sad
"Lola - Live at Providence Civic Center, Providence, RI - September 1979",One for the Road (Live),The Kinks,Happy
London Thunder,London Thunder,Foals,Sad
Lonely Boy,What's Wrong with This Picture?,Andrew Gold,Happy
Long Way Down,Long Way Down (Deluxe),Tom Odell,Sad
Lorelei,Treasure,Cocteau Twins,Sad
Los Feliz,Los Feliz,Search For Atlantis,Calm
Losing You,Human,Aquilo,Sad
Lost,Lost,Annelie,Calm
Lost Moon,I Can Feel the Night Around Me,Nightlands,Sad
Love Is A Losing Game,Back To Black,Amy Winehouse,Sad
Lovely Day,Lean on Me: The Best of Bill Withers,Bill Withers,Happy
Lunar Eclipse,Lunar Eclipse,Marc Torch,Calm
"Ma mère l'oye, M.60 - For Piano Duet, M.60: 1. Pavane de la Belle au bois dormant",Jeux,Arthur Jussen,Calm
Machinehead,Bush Digital Collection,Bush,Energetic
Mad About You,The Magnificent Tree,Hooverphonic,Happy
Make Believe,Make Believe,Quintino,Energetic
Malibu,Malibu,Matthew Harvey,Calm
Marbles,The First Tindersticks Album,Tindersticks,Sad
Me and Julio Down by the Schoolyard,Paul Simon,Paul Simon,Happy
Melancholé,Melancholé,Biba Dupont,Calm
Mercy - Live,Retrospective,Hilary Hahn,Calm
Message In A Bottle - Remastered 2003,Reggatta De Blanc (Remastered),The Police,Happy
Midnight Sun,Midnight Sun,Nicky Romero,Energetic
Mil Sonidos,Mil Sonidos,Reina del Mar,Calm
Mind-wanders,Journey to the unknown,Patrick Hamilton,Calm
Mindfulness,Mindfulness,Amoll,Calm
Minus,Minus,Daniel Blumberg,Sad
Miss You - Remastered,Some Girls (Deluxe Version),The Rolling Stones,Happy
Misty Mornings,Misty Mornings,Wilson Trouvé,Calm
Momentum,Momentum,Monocle Twins,Calm
Montana,Montana,Le Verne,Calm
Monumental,Monumental,Antuigo,Calm
Morning Shimmer,Morning Shimmer,Vochey,Calm
Moulain (Revisited 432hz),Moulain (Revisited 432hz),Steven Vrancken,Calm
Movies,Movies,Weyes Blood,Sad
Mr. Blue Sky,Out of the Blue,Electric Light Orchestra,Happy
Mr. Jones,August And Everything After,Counting Crows,Happy
Mudshovel,Dysfunction,Staind,Energetic
"Murder Song (5, 4, 3, 2, 1) - Acoustic",All My Demons Greeting Me As A Friend (Deluxe),AURORA,Sad
My Favourite Game,Best Of,The Cardigans,Energetic
My Hero,Greatest Hits,Foo Fighters,Energetic
My Own Worst Enemy,A Place In The Sun,Lit,Energetic
My Sharona,Get The Knack,The Knack,Happy
My Way - Marcus Santoro Remix,My Way (ft. Alice Berg) [Marcus Santoro Remix],Nicky Romero,Energetic
Mykki,LoveLaws,TT,Sad
Nazareth,Nazareth,Matteo Myderwyk,Calm
Need You - Ed. & Gustav Munk Remix,Need You (Remixes),Faustix,Happy
Never Be Lonely (feat. Envy Monroe),Never Be Lonely (feat. Envy Monroe),Blasterjaxx,Energetic
Never Letting Go,Never Letting Go,Audien,Happy
Never My Love,Voices In The Sky,Isobel Campbell,Sad
Night,Night,Wilson Trouvé,Calm
Night Moves,Night Moves,Bob Seger,Happy
Night Surrender,Night Surrender,DeLange,Calm
Night on Earth,Night on Earth,Jerkcurb,Sad
No More 54,No More 54,Dada Life,Energetic
No One Knows,Songs For The Deaf,Queens of the Stone Age,Energetic
No Time To Die,No Time To Die,Billie Eilish,Sad
No Woman,Light Upon the Lake,Whitney,Sad
Nobody,Nobody,Mac DeMarco,Sad
North,Solo (1*),Ton Snijders,Calm
North Captiva,North Captiva,Lundegard,Calm
Not Alone,Not Alone,Otto Knows,Happy
Nowhere Kids,Shapeshifter,Smile Empty Soul,Energetic
Oceans,Oceans - EP,Seafret,Sad
October Rain,Recollections Vol. 4,Various Artists,Calm
Old Rain on a New Day,Celestial Siren,Cora Zea,Calm
Older Than I Am,Three. Two. One.,Lennon Stella,Sad
On Another Ocean (January / June),On Another Ocean (January / June) [Edit],Fleet Foxes,Sad
On My Way (feat. Jordan Kaahn),On My Way (feat. Jordan Kaahn),Robbie Rivera,Happy
One More Night,One More Night,Labi Ramaj,Energetic
One Night - D.O.D Remix,One Night (D.O.D Remix),Cedric Gervais,Energetic
One Step Closer,Hybrid Theory,Linkin Park,Energetic
Only,Only,RY X,Sad
Only You,We Were Here,Joshua Radin,Sad
Open Fields,Open Fields,Faelt,Calm
Open Skies,Open Skies,Lost Horse Mine,Calm
Orbits,Orbits,Halfway Escape,Calm
Our Lady of Sorrows,"I Brought You My Bullets, You Brought Me Your Love",My Chemical Romance,Energetic
Out Of Control,The Reason,Hoobastank,Energetic
Out Of Control - Pat Vocal Mix,Out Of Control EP,Lupe Fuentes,Energetic
Out of Control,Blind Spot,Lush,Sad
Out of the Deep,Out Of The Deep,Olivia Belli,Calm
Outside,Outside,MorMor,Sad
Over My Head (Better Off Dead),Does This Look Infected?,Sum 41,Energetic
Pain,A Deeper Understanding,The War On Drugs,Sad
Panoramic Feelings (Piano Version),Panoramic Feelings (Piano Version),LudoWic,Calm
Papercut,Hybrid Theory (Bonus Edition),Linkin Park,Energetic
Paperthin Hymn,Never Take Friendship Personal,Anberlin,Energetic
Parabel,Parabel,Matteo Myderwyk,Calm
Paradise,Mylo Xyloto,Coldplay,Happy
Paralyzer,Them vs. You vs. Me,Finger Eleven,Energetic
Pass The Hours,Pass The Hours,MorMor,Sad
Path to Serenity,Path to Serenity,Arya Shae,Calm
People Are Strange - Festival Mix,People Are Strange (Incl. Festival Mix),KAAZE,Energetic
People Help the People,Birdy (Deluxe Version),Birdy,Sad
Petrichor,Petrichor,Cecelya,Calm
"Piano Sonata No. 14 In C Sharp Minor, Op. 27-2 1st Mvt: Adagio Sostenuto",Beethoven Piano Sonatas,Ludwig van Beethoven,Calm
Pierre,Virgule,Hicham Chahidi,Calm
Pink Rupture,Pink Rupture,Kornum & Karma,Happy
Placidity,Placidity,Estado De Calma,Calm
Planet,PLANET,Sofiane Pamart,Calm
Play The Ghost,Play The Ghost,Sarah Davachi,Sad
Poem,Welcome,Taproot,Energetic
Points of Authority,Hybrid Theory,Linkin Park,Energetic
Polyamorous,Breaking Benjamin: Digital Box Set,Breaking Benjamin,Energetic
Pour Les Oiseaux,Des Plumes Dans La Tête,Sylvain Chauveau,Calm
Prayer Of The Refugee,Endgame / Appeal To Reason / Siren Song Of The Counter Culture / The Sufferer & The Witness,Rise Against,Energetic
Prelude,Prelude,Marynka,Calm
Prelude 6 - Pt. 1,Voices,Max Richter,Calm
Prelude in F,Prelude in F,Alexander Motovilov,Calm
Presence,Presence,Van Stiles,Calm
Pressure,Pressure,Seth Hills,Energetic
Promise,Horrorscope,Eve 6,Energetic
Pumped Up Kicks,Torches,Foster The People,Happy
Quick Canal (W/ Laetita Sadier),Logos,Atlas Sound,Sad
Quiet Room,Music For Mindfulness,Various Artists,Calm
"Quiet, The Winter Harbor",Still EP,Mazzy Star,Sad
Raven's Feather - Piano Solo,Raven's Feather (Piano Solo),Nina June,Calm
Rayons de soleil,Rayons de soleil,Marlies du Mosch,Calm
Reality,Reality EP,Chocolate Puma,Happy
Rebuscano,Rebuscano,Olivia Belli,Calm
Recording 15,Living Water,Shannon Lay,Sad
Reinventing Your Exit,They're Only Chasing Safety,Underoath,Energetic
Remains,Remains,Dries Beheydt,Calm
Renee's Song,Renee's Song,Bazzi,Sad
Renegades Of Funk,Renegades,Rage Against The Machine,Energetic
Rescue Me,Rescue Me,DubVision,Energetic
Retrospectacular,Retrospectacular,Domaine Blanc,Calm
Revitalize,Unification,Yonder Dale,Calm
Ring The Alarm - Stadiumx Remix,Ring The Alarm (Remixes),Nicky Romero,Energetic
Rise (ft. Matluck) - Thomas Gold Remix,Rise (ft. Matluck) [Thomas Gold Remix],Nicky Romero,Energetic
River,Bones,St Woods,Sad
Riverside,Philharmonics,Agnes Obel,Sad
"Rocket Man (I Think It's Going To Be A Long, Long Time)",Honky Chateau,Elton John,Happy
Romance,Ex:Re,Ex:Re,Sad
Roses,Speakerboxxx/The Love Below,OutKast,Happy
Rusted From the Rain,Billy Talent III,Billy Talent,Energetic
Rylan,I Am Easy to Find,The National,Sad
Sad Corny Fuck,Hold It Together,JP Saxe,Sad
Sadness,Red Moon,Marynka,Calm
Sahara Love - Seven Lions Remix,Sahara Love,Above & Beyond,Energetic
Same Direction,The Reason,Hoobastank,Energetic
Samson,Begin to Hope (Special Edition),Regina Spektor,Sad
Saving Daylight,Saving Daylight,Harvest Silence,Calm
Savior,Appeal To Reason,Rise Against,Energetic
Say Days Ago,The Used,The Used,Energetic
Schloss,Schloss,Elmau Dunkel,Calm
Secrets,Secrets,Erik Frank,Energetic
Send It,Send It,Steve Aoki,Happy
Send Me on My Way,Music From Party of Five,Various Artists,Happy
Seven Nation Army,Elephant,The White Stripes,Happy
She Kind of Looks Like You,She Kind of Looks Like You,AFTRHOURS,Sad
She Remembers (Piano Solo),She Remembers (Piano Solo),Pieter Savenberg,Calm
Shifts Of Light,Still Waters,Avery Young,Calm
Shimmer,The Best of Fuel,Fuel,Energetic
Shine,Shine,Manse,Happy
Should Have Known Better,Carrie & Lowell,Sufjan Stevens,Sad
Should I Stay or Should I Go - Remastered,Hits Back,The Clash,Happy
Silhouette,Have You In My Wilderness,Julia Holter,Sad
Silver Lining,Silver Lining,Pieter de Graaf,Calm
Simple Song,The Boy Who Cried Wolf,Passenger,Sad
Sinking Man - The Walking Dead Soundtrack,The Walking Dead (AMC’s Original Soundtrack – Vol. 1),Various Artists,Sad
Sintra,Reflections,Made Of Gold,Calm
Siren Song - Radio Edit,Siren Song,CamelPhat,Happy
Skinny Love,"For Emma, Forever Ago",Bon Iver,Sad
Sleep,Son of a Lady,Hope Sandoval and the Warm Inventions,Sad
Slow It Down,The Lumineers,The Lumineers,Sad
Smile,"Alright, Still (Deluxe)",Lily Allen,Happy
Smooth Criminal,Anthology,Alien Ant Farm,Energetic
Snowfall,Piano Piano,Florejan,Calm
Solitude,Solitude,Joep Beving,Calm
Some Kind Of Love,Wonderful Wonderful,The Killers,Sad
Somebody - Josef Bamba Remix Radio Edit,Somebody (Josef Bamba Remixes),Oliver Ingrosso,Happy
Somebody That I Used To Know,Making Mirrors,Gotye,Happy
Someday,Chapter I,City of the Sun,Calm
Someone Like You,21,Adele,Sad
Someone New,Someone New,Thomas Gold,Happy
Somewhere Only We Know,Somewhere Only We Know,Valentin,Sad
Son of a Lady,Son of a Lady,Hope Sandoval and the Warm Inventions,Sad
"Song to the Siren - Recorded at Strongroom Studios, London",Spotify Singles,Wolf Alice,Sad
South Beach,South Beach,Vicetone,Energetic
Spirit In The Sky,Spirit In The Sky,Norman Greenbaum,Happy
Start Me Up - Remastered,Tattoo You (2009 Re-Mastered),The Rolling Stones,Happy
Stay,Stay,Gracie Abrams,Sad
Stay Here,Stay Here,Olaars & Will Philips,Energetic
Stay Home,Stay Home,Golden Sleep,Calm
Stay Still,Stay Still,Alberto L. Ferro,Calm
"Steady, As She Goes",Broken Boy Soldiers,The Raconteurs,Happy
Still Alive,Still Alive,Mastrovita,Energetic
Still Waiting to Start,"The Sun Will Come up, The Seasons Will Change & The Flowers Will Fall",Nina Nesbitt,Sad
Stormy Weather,Stormy Weather,Lost Horse Mine,Calm
Story Of A Violin,Story Of A Violin,Sandro Silva,Happy
Strange Dreams,Solo Piano,Ella van der Woude,Calm
Streets,Rivals,Kensington,Happy
Stricken,Ten Thousand Fists,Disturbed,Energetic
Stuck In The Middle With You,Reservoir Dogs (Original Motion Picture Soundtrack),Various Artists,Happy
Stupify,The Sickness (10th Anniversary Edition),Disturbed,Energetic
Such Great Heights,Around The Well,Iron & Wine,Sad
Suds & Soda,Worst Case Scenario,dEUS,Happy
Suhpratti,Hum,Parazal,Calm
Summer Boredom,Solo Piano,Ella van der Woude,Calm
Summer-Blink,Treasure Hiding: The Fontana Years,Cocteau Twins,Sad
Sun In Our Eyes - Don Diablo Remix,Sun In Our Eyes (Don Diablo Remix),MØ,Happy
Sunspots,Comforter,Bodywash,Sad
Supermarket,Manuela,Manuela,Sad
Supersonic (feat. Christian Burns),Supersonic (feat. Christian Burns),Swanky Tunes,Energetic
Superstition,Number 1's,Stevie Wonder,Happy
Surrender,Surrender,Natalie Taylor,Sad
Swerve City,Koi No Yokan,Deftones,Energetic
Take Everything,Take Everything,Gareth Emery,Happy
Take on Me,Hunting High and Low,a-ha,Happy
Takeoff,Takeoff,Silo Silo,Calm
Talking In Your Sleep,In Heat,The Romantics,Happy
Target,Target,Tom Kalani,Calm
Teardrop - Remastered 2006,Bite Size Massive Attack,Massive Attack,Sad
Teardrops - Single Version,Music For Groovin',Various Artists,Happy
Tears Don't Fall,The Poison,Bullet For My Valentine,Energetic
Teenage Dirtbag,Wheatus,Wheatus,Happy
Tegel,Tegel,Lambert,Calm
Telling Tales,Telling Tales,Song Sung,Sad
Thank You for the Venom,Three Cheers for Sweet Revenge,My Chemical Romance,Energetic
The A Team,The A Team,Ed Sheeran,Sad
The Boys Are Back In Town,Jailbreak (Deluxe Edition),Thin Lizzy,Happy
The Calvary Cross,Live in Studio,Still Corners,Sad
The Choice,The Last of Us,Gustavo Santaolalla,Calm
The Dazzler,Ex:Re,Ex:Re,Sad
The Disappearance of the Unmoved Mover,The Disappearance of the Unmoved Mover,So Vea,Calm
The Discovery,The Discovery,Sulfur Springs,Calm
The Dreamer,The Dreamer,Charles Bolt,Calm
The Five Times I Loved You,Pyramid Train,Cora Zea,Calm
The Funeral,The Road Mix: Music From The Television Series One Tree Hill Vol. 3,Various Artists,Sad
The Good in Goodbye (Alternate Version),The Good in Goodbye (Alternate Version),Alexander Wren,Sad
The Hardest Button To Button,Elephant,The White Stripes,Energetic
The Hell Song,All The Good Sh**. 14 Solid Gold Hits (2000-2008),Sum 41,Energetic
The Hummingbird,The Hummingbird,Barry Adamson,Sad
The Hunger,The Hunger,Bat For Lashes,Sad
The Joker,The Joker,Steve Miller Band,Happy
The King (with Dzeko),The King (with Dzeko),Dimitri Vangelis & Wyman,Energetic
The Message,Slow Air,Still Corners,Sad
The Mind's Eye,This Ascension is Ours,Song Sung,Sad
The Night We Met,Strange Trails,Lord Huron,Sad
The Night We Met - Rework,The Night We Met,Nico Casal,Calm
The Safety Dance,Greatest,Men Without Hats,Happy
The Snail’s Teachings II: The Wonders of,In Between (B-Side),Steven Vrancken,Calm
The Temporary,The Temporary,Kate Teague,Sad
The Times Are Tired,Views from Sixteen Stories,Alaskan Tapes,Calm
The Wall,The Wall,Alok,Energetic
There For You,There For You,Gorgon City,Energetic
Thin White Duchess,Thin White Duchess,Martin Thulin,Sad
Thirteen Thirty-Five,This Silence Kills,Dillon,Sad
This Reminds You - Satie Remix,This Reminds You,Remy Van Kesteren,Calm
Throw Me a Bone,Throw Me a Bone,Goat Girl,Sad
Tilted Towers,Tilted Towers,Alesso,Happy
Time Out,Time Out,Amoll,Calm
Time Travel,Rooftops,AMBIE,Calm
Tiptoeing,Tiptoeing,Jacco Wynia,Calm
To Build A Home,Ma Fleur,The Cinematic Orchestra,Sad
To The Hilt,To The Hilt,BANKS,Sad
To the Moon,To the Moon,Junodream,Sad
Tomorrow,Tomorrow,Annelie,Calm
Toxic,Rattlesnake!,A Static Lullaby,Energetic
Transatlanticism,Transatlanticism,Death Cab for Cutie,Sad
Trastevere,Universo en Miniatura Vol. 1,Sebastián Escofet,Calm
Trees - Solo Piano,Trees,Patrick Hamilton,Calm
Trying My Best,Trying My Best,Anson Seabra,Sad
Tu Vois,Tu Vois,Bram de Looze,Calm
Tubthumping,Tubthumper,Chumbawamba,Happy
Tuesday,Tuesday,Annelie,Calm
Twist And Shout - Remastered 2009,Please Please Me (Remastered),The Beatles,Happy
Two Princes,Pocket Full Of Kryptonite,Spin Doctors,Happy
UFOF,UFOF,Big Thief,Sad
Under A Killing Moon,The Artist In The Ambulance,Thrice,Energetic
Understudy,Understudy,Josie Mehlin,Calm
Underwater - Tinlicker Remix,Underwater (Tinlicker Remix),Gabriel & Dresden,Happy
Unintended,Showbiz,Muse,Sad
United,United,Armin van Buuren,Happy
Universe,Universe,Noah Vanden Abeele,Calm
Unmade,Unmade,Thom Yorke,Sad
Up Against (Blackout),Louder Now (Deluxe),Taking Back Sunday,Energetic
Uprising,The Resistance,Muse,Energetic
Used to Be,Used to Be,Jurrivh,Calm
Vagabond,Vagabond,Steve Gunn,Sad
Vague,Envision,Amaranth Cove,Calm
Valse Lente,Valse Lente,Wilson Trouvé,Calm
Vamos,Vamos,Dimitri Vangelis & Wyman,Energetic
Venom,Venom,Dave202,Happy
Video Games - Remastered,Born To Die - The Paradise Edition,Lana Del Rey,Sad
Video Killed The Radio Star,The Age Of Plastic,The Buggles,Happy
Virtual Insanity - Remastered,High Times - The Singles 1992 - 2006,Jamiroquai,Happy
Viva La Vida,Viva La Vida (Prospekt's March Edition),Coldplay,Happy
Voices,The Sickness (10th Anniversary Edition),Disturbed,Energetic
Wait For Me,Wanderlust,Steve Brian,Happy
Waiting,Skisser,Alice Boman,Sad
Waiting For Tomorrow (feat. Mike Shinoda),BYLAW EP,Martin Garrix,Energetic
Waiting On the World to Change,Continuum,John Mayer,Happy
Waiting like the Storm,Nocturne in Green,Rand Aldo,Calm
War,Rivals,Kensington,Happy
Wash It All Away,Got Your Six (Deluxe),Five Finger Death Punch,Energetic
Watching Clouds Disappear,Watching Clouds Disappear,Florejan,Calm
Water Colors,Water Colors,Star Slide,Calm
Water Lillies,Water Lillies,A Teardrop In The Lake,Calm
Watersong,Wings Of Joy (Expanded Edition),Cranes,Sad
Wave of Mutilation,Wave of Mutilation,Beacon,Sad
We Are Your Friends - Justice Vs Simian,We Are Your Friends,Simian,Happy
We Wait,For Their Love,Other Lives,Sad
Welcome Home,Good Apollo I'm Burning Star IV Volume One: From Fear Through The Eyes Of Madness,Coheed and Cambria,Energetic
"Welcome Home, Son",Ghost,Radical Face,Sad
What I Like About You,What I Like About You (And Other Romantic Hits),The Romantics,Happy
What Should Have Been,What Should Have Been,Ron Verboom,Calm
What You Love You Must Love Now,Everywhere And Right Here,The Six Parts Seven,Calm
What's Good,What's Good,Fenne Lily,Sad
When The World Stood Still,When The World Stood Still,Florejan Verschueren,Calm
When They Come,When They Come,Threading Hair,Calm
When You Left,When You Left,Rouge Haven,Calm
Where Your Mind Wants to Go - RONE Remix,Where Your Mind Wants to Go (RONE Remix),Blonde Redhead,Sad
While the Rest of the World Sleeps,While the Rest of the World Sleeps,Josh Kramer,Calm
Whiskey In The Jar,"Garage, Inc.",Metallica,Energetic
White Lies,We Sound Electric,Stacy Crowne,Energetic
White Lies - Guy Arthur Remix,White Lies (The Remixes),The Him,Energetic
White Sparks,White Sparks,Wilson Trouvé,Calm
Whitehaven,Whitehaven,Martèn LeGrand,Calm
Why Can't We Be Friends?,Why Can't We Be Friends?,War,Happy
Wild Trails,Wild Trails,Epi-Soothe,Calm
Wild Wild Son - Club Mix,Wild Wild Son (Club Mix),Armin van Buuren,Energetic
Willet,Swan,Dust Follows,Calm
Winter Scenery,Winter Scenery,Wilson Trouvé,Calm
Wish I Was Better,Wish I Was Better,Kina,Sad
Wish You Were Here - 2011 Remastered Version,Wish You Were Here [2011 - Remaster] (2011 Remastered Version),Pink Floyd,Sad
Wished,Wished,Sorry,Sad
Without,Inertia,The Exies,Energetic
Wolkendans,Soms Alleen,Doeke,Calm
Wonderful Together (feat. Envy Monroe),Wonderful Together (feat. Envy Monroe),Blasterjaxx,Happy
Wonderwall,(What's the Story) Morning Glory?,Oasis,Happy
Woodland Heart,Woodland Heart,Ghost Of Summer,Calm
Words I Heard,Words I Heard,Julia Holter,Sad
Worlds Collide - Edison Cole Remix,Worlds Collide (Remixes),NERVO,Happy
Would You Rather,Stranger in the Alps,Phoebe Bridgers,Sad
Wrong Way,Sublime Greatest Hits,Sublime,Energetic
Yam Yam,Yam Yam,No Vacation,Sad
You Are Safe With Me,delta/alpha,Jef Martens,Calm
You Can't Rely on My Love,You Can't Rely on My Love,Mordkey,Happy
You Get What You Give,Maybe You've Been Brainwashed Too,New Radicals,Happy
You Were Bored,You Were Bored,Loyal Lobos,Sad
"You're Gonna Go Far, Kid",21 Alt Rock Anthems,Various Artists,Energetic
You're My Best Friend - Remastered 2011,Queen 40 Limited Edition Collector's Box Set,Queen,Happy
Your Turn Now,Your Turn Now,Aaron Smith,Sad
Youth,The Wild Youth EP,Daughter,Sad
alpha waves,alpha waves,Eucalyptic,Calm
blue,blue,Kamal.,Sad
coeur noir,coeur noir,Leo Nocta,Calm
comethru,"summer,",Jeremy Zucker,Sad
cry on airplanes,cry on airplanes,Julian,Sad
i don't want to watch the world end with someone else,i don't want to watch the world end with someone else,Clinton Kane,Sad
lovely (with Khalid),lovely (with Khalid),Billie Eilish,Sad
mellow,sleep escape,cloudcrush,Calm
no song without you,no song without you,HONNE,Sad
pass you by,the voicenotes,Alaina Castillo,Sad
the frost,sentience,praam,Calm
the theme song,notion,Teodor Wolgers,Calm
when the party's over,"WHEN WE ALL FALL ASLEEP, WHERE DO WE GO?",Billie Eilish,Sad
windcatcher,windcatcher,Leo Nocta,Calm
yellow is the color of her eyes,yellow is the color of her eyes,Soccer Mommy,Sad
you broke me first,you broke me first,Tate McRae,Sad
you were good to me,brent,Jeremy Zucker,Sad
æfre,æfre,praam,Calm
